{
  "HTTP Request-1" : {
    "transaction" : "HTTP Request-1",
    "sampleCount" : 10,
    "errorCount" : 0,
    "errorPct" : 0.0,
    "meanResTime" : 891.0,
    "medianResTime" : 794.0,
    "minResTime" : 728.0,
    "maxResTime" : 1611.0,
    "pct1ResTime" : 1554.6000000000001,
    "pct2ResTime" : 1611.0,
    "pct3ResTime" : 1611.0,
    "throughput" : 1.0551862403714256,
    "receivedKBytesPerSec" : 45.13909497995146,
    "sentKBytesPerSec" : 0.1422028331750554
  },
  "Total" : {
    "transaction" : "Total",
    "sampleCount" : 29,
    "errorCount" : 0,
    "errorPct" : 0.0,
    "meanResTime" : 1032.4137931034481,
    "medianResTime" : 823.0,
    "minResTime" : 576.0,
    "maxResTime" : 2255.0,
    "pct1ResTime" : 1656.0,
    "pct2ResTime" : 2084.5,
    "pct3ResTime" : 2255.0,
    "throughput" : 2.8005794302269438,
    "receivedKBytesPerSec" : 80.267213151859,
    "sentKBytesPerSec" : 0.4873853211009174
  },
  "HTTP Request-0" : {
    "transaction" : "HTTP Request-0",
    "sampleCount" : 10,
    "errorCount" : 0,
    "errorPct" : 0.0,
    "meanResTime" : 686.8999999999999,
    "medianResTime" : 604.0,
    "minResTime" : 576.0,
    "maxResTime" : 1144.0,
    "pct1ResTime" : 1117.2,
    "pct2ResTime" : 1144.0,
    "pct3ResTime" : 1144.0,
    "throughput" : 1.0417751849150954,
    "receivedKBytesPerSec" : 1.0078971442337743,
    "sentKBytesPerSec" : 0.1363260495884988
  },
  "HTTP Request" : {
    "transaction" : "HTTP Request",
    "sampleCount" : 9,
    "errorCount" : 0,
    "errorPct" : 0.0,
    "meanResTime" : 1573.4444444444443,
    "medianResTime" : 1424.0,
    "minResTime" : 1304.0,
    "maxResTime" : 2255.0,
    "pct1ResTime" : 2255.0,
    "pct2ResTime" : 2255.0,
    "pct3ResTime" : 2255.0,
    "throughput" : 0.9629788144660818,
    "receivedKBytesPerSec" : 42.12593455756473,
    "sentKBytesPerSec" : 0.25579124759255295
  }
}