{
  "HTTP Request-2" : {
    "transaction" : "HTTP Request-2",
    "sampleCount" : 10,
    "errorCount" : 0,
    "errorPct" : 0.0,
    "meanResTime" : 897.2,
    "medianResTime" : 651.0,
    "minResTime" : 420.0,
    "maxResTime" : 2473.0,
    "pct1ResTime" : 2349.8,
    "pct2ResTime" : 2473.0,
    "pct3ResTime" : 2473.0,
    "throughput" : 0.9839614287119945,
    "receivedKBytesPerSec" : 90.27942198415822,
    "sentKBytesPerSec" : 0.2728955524943422
  },
  "HTTP Request-2-1" : {
    "transaction" : "HTTP Request-2-1",
    "sampleCount" : 10,
    "errorCount" : 0,
    "errorPct" : 0.0,
    "meanResTime" : 698.1,
    "medianResTime" : 439.0,
    "minResTime" : 212.0,
    "maxResTime" : 2283.0,
    "pct1ResTime" : 2160.2000000000007,
    "pct2ResTime" : 2283.0,
    "pct3ResTime" : 2283.0,
    "throughput" : 1.0029084344599337,
    "receivedKBytesPerSec" : 91.66818147628122,
    "sentKBytesPerSec" : 0.14299280413198276
  },
  "HTTP Request-1" : {
    "transaction" : "HTTP Request-1",
    "sampleCount" : 9,
    "errorCount" : 0,
    "errorPct" : 0.0,
    "meanResTime" : 1537.6666666666667,
    "medianResTime" : 1504.0,
    "minResTime" : 1041.0,
    "maxResTime" : 2169.0,
    "pct1ResTime" : 2169.0,
    "pct2ResTime" : 2169.0,
    "pct3ResTime" : 2169.0,
    "throughput" : 0.9066183136899365,
    "receivedKBytesPerSec" : 79.97719288304624,
    "sentKBytesPerSec" : 0.24790344514959203
  },
  "Total" : {
    "transaction" : "Total",
    "sampleCount" : 59,
    "errorCount" : 0,
    "errorPct" : 0.0,
    "meanResTime" : 798.2711864406779,
    "medianResTime" : 732.0,
    "minResTime" : 184.0,
    "maxResTime" : 2473.0,
    "pct1ResTime" : 1571.0,
    "pct2ResTime" : 2169.0,
    "pct3ResTime" : 2473.0,
    "throughput" : 5.065247252747253,
    "receivedKBytesPerSec" : 301.4338566706731,
    "sentKBytesPerSec" : 0.9222345037774725
  },
  "HTTP Request-1-0" : {
    "transaction" : "HTTP Request-1-0",
    "sampleCount" : 10,
    "errorCount" : 0,
    "errorPct" : 0.0,
    "meanResTime" : 827.9,
    "medianResTime" : 808.5,
    "minResTime" : 708.0,
    "maxResTime" : 1113.0,
    "pct1ResTime" : 1090.8000000000002,
    "pct2ResTime" : 1113.0,
    "pct3ResTime" : 1113.0,
    "throughput" : 1.0147133434804667,
    "receivedKBytesPerSec" : 0.3517805048198884,
    "sentKBytesPerSec" : 0.13476661593099948
  },
  "HTTP Request-1-1" : {
    "transaction" : "HTTP Request-1-1",
    "sampleCount" : 10,
    "errorCount" : 0,
    "errorPct" : 0.0,
    "meanResTime" : 703.6,
    "medianResTime" : 690.0,
    "minResTime" : 314.0,
    "maxResTime" : 1385.0,
    "pct1ResTime" : 1353.4,
    "pct2ResTime" : 1385.0,
    "pct3ResTime" : 1385.0,
    "throughput" : 0.996710854181202,
    "receivedKBytesPerSec" : 87.57915285806838,
    "sentKBytesPerSec" : 0.14016246386923153
  },
  "HTTP Request-2-0" : {
    "transaction" : "HTTP Request-2-0",
    "sampleCount" : 10,
    "errorCount" : 0,
    "errorPct" : 0.0,
    "meanResTime" : 199.1,
    "medianResTime" : 191.0,
    "minResTime" : 184.0,
    "maxResTime" : 271.0,
    "pct1ResTime" : 264.70000000000005,
    "pct2ResTime" : 271.0,
    "pct3ResTime" : 271.0,
    "throughput" : 1.038098204090107,
    "receivedKBytesPerSec" : 0.36191509654313303,
    "sentKBytesPerSec" : 0.13989995328558083
  }
}